---
permalink: /_redirects
---
/2015/10/industrialiser-le-dev-front-end/ /confs/industrialiser-le-dev-front-end/ 301
/android-chrome-192x192.png /.well-known/android-chrome-192x192.png 200
/android-chrome-512x512.png /.well-known/android-chrome-512x512.png 200
/apple-touch-icon.png /.well-known/apple-touch-icon.png 200
/browserconfig.xml  /.well-known/browserconfig.xml 200
/favicon-16x16.png  /.well-known/favicon-16x16.png 200
/favicon-32x32.png  /.well-known/favicon-32x32.png 200
/favicon.ico  /.well-known/favicon.ico 200
/google04fb98c69ffff6cb.html  /.well-known/google04fb98c69ffff6cb.html 200
/manifest.json  /.well-known/manifest.json 200
/boris.schapira.dev.webmanifest  /.well-known/manifest.json 200
/mstile-150x150.png /.well-known/mstile-150x150.png 200
/robots.txt /.well-known/robots.txt 200
/wcbdx /confs/performance-web-vers-la-speed-update-un-pas-aprs-lautre/ 301
/wcbdx%20 /confs/performance-web-vers-la-speed-update-un-pas-aprs-lautre/ 301
/wcbdx%20?mc_cid=935c873d9a&mc_eid=69ff201d64 /confs/performance-web-vers-la-speed-update-un-pas-aprs-lautre/ 301
/wcbdx%20?mc_cid=935c873d9a&mc_eid=69ff201d64 /confs/performance-web-vers-la-speed-update-un-pas-aprs-lautre/ 301
/20190611-node /assets/docs/2019-06-11/20190611-node.pdf 301
/psconnect-bayonne /assets/docs/2019-07-05/psconnect-bayonne.pdf 301
/mariage /tag/mariage/
